index,question,A,B,C,D,E,category,clinical VQA task,department,perceptual granularity,modality,original task
20000,Look at the uploaded image and tell me how many lymphocytes are there.,the number of lymphocytes:0,the number of lymphocytes:9,the number of lymphocytes:10,the number of lymphocytes:5,,the number of lymphocytes:0,Counting,Hematology,Image level,Histopathology,CLS_2D
20001,"Based on the provided image, can you tell me how many lymphocytes are present?",the number of lymphocytes:0,the number of lymphocytes:7,the number of lymphocytes:26,the number of lymphocytes:13,,the number of lymphocytes:0,Counting,Hematology,Image level,Histopathology,CLS_2D
20003,"From the image input, please count and tell me the number of lymphocytes shown.",the number of lymphocytes:38,the number of lymphocytes:33,the number of lymphocytes:23,the number of lymphocytes:0,,the number of lymphocytes:0,Counting,Hematology,Image level,Histopathology,CLS_2D
20008,"Using the given image, determine the number of lymphocytes it contains.",the number of lymphocytes:4,the number of lymphocytes:8,the number of lymphocytes:27,the number of lymphocytes:0,,the number of lymphocytes:0,Counting,Hematology,Image level,Histopathology,CLS_2D
20179,"From the image input, please count and tell me the number of lymphocytes shown.",the number of lymphocytes:16,the number of lymphocytes:26,the number of lymphocytes:12,the number of lymphocytes:43,,the number of lymphocytes:43,Counting,Hematology,Image level,Histopathology,CLS_2D
20188,Look at the uploaded image and tell me how many lymphocytes are there.,the number of lymphocytes:21,the number of lymphocytes:2,the number of lymphocytes:30,the number of lymphocytes:42,,the number of lymphocytes:2,Counting,Hematology,Image level,Histopathology,CLS_2D
20189,"Based on the provided image, can you tell me how many lymphocytes are present?",the number of lymphocytes:7,the number of lymphocytes:28,the number of lymphocytes:2,the number of lymphocytes:10,,the number of lymphocytes:2,Counting,Hematology,Image level,Histopathology,CLS_2D
20191,"Using the given image, determine the number of lymphocytes it contains.",the number of lymphocytes:42,the number of lymphocytes:0,the number of lymphocytes:29,the number of lymphocytes:2,,the number of lymphocytes:2,Counting,Hematology,Image level,Histopathology,CLS_2D
,,,,,,,,,,,,
20657,Determine which part is illustrated in the image.,band neutrophil,smudge cell,promyelocyte,lymphocyte,,promyelocyte,Microorganism Recognition,Hematology,Image level,Histopathology,CLS_2D
20658,Identify the option that the content of the image corresponds to.,basophil,blast,promyelocyte,immature lymphocyte,,promyelocyte,Microorganism Recognition,Hematology,Image level,Histopathology,CLS_2D
20660,Please identify which of the following options the content shown in the image belongs to?,promyelocyte,smudge cell,proerythroblast,erythroblast,,promyelocyte,Microorganism Recognition,Hematology,Image level,Histopathology,CLS_2D
20662,Please identify the part shown in the image.,immature lymphocyte,promyelocyte,lymphocyte,monocyte,,promyelocyte,Microorganism Recognition,Hematology,Image level,Histopathology,CLS_2D
20663,Please determine which option best matches the content displayed in the image.,promyelocyte,erythroblast,blast,lymphocyte,,promyelocyte,Microorganism Recognition,Hematology,Image level,Histopathology,CLS_2D
20668,Identify the option that the content of the image corresponds to.,promyelocyte,erythroblast,segmented neutrophil,lymphocyte,,promyelocyte,Microorganism Recognition,Hematology,Image level,Histopathology,CLS_2D
20677,Identify the option that the content of the image corresponds to.,promyelocyte,hairy cell,immature lymphocyte,metamyelocyte,,promyelocyte,Microorganism Recognition,Hematology,Image level,Histopathology,CLS_2D
20678,Determine which part is illustrated in the image.,promyelocyte,erythroblast,abnormal eosinophil,band neutrophil,,promyelocyte,Microorganism Recognition,Hematology,Image level,Histopathology,CLS_2D
,,,,,,,,,,,,
20681,Determine which part is illustrated in the image.,artefact,band neutrophil,myelocyte,basophil,,band neutrophil,Microorganism Recognition,Hematology,Image level,Histopathology,CLS_2D
20682,Please identify the part shown in the image.,band neutrophil,other cell,artefact,erythroblast,,band neutrophil,Microorganism Recognition,Hematology,Image level,Histopathology,CLS_2D
20683,Identify the option that the content of the image corresponds to.,faggott cell,metamyelocyte,smudge cell,band neutrophil,,band neutrophil,Microorganism Recognition,Hematology,Image level,Histopathology,CLS_2D
20686,Please identify which of the following options the content shown in the image belongs to?,plasma cell,hairy cell,smudge cell,band neutrophil,,band neutrophil,Microorganism Recognition,Hematology,Image level,Histopathology,CLS_2D
20687,Please determine which option best matches the content displayed in the image.,plasma cell,other cell,band neutrophil,artefact,,band neutrophil,Microorganism Recognition,Hematology,Image level,Histopathology,CLS_2D
20691,Determine which part is illustrated in the image.,other cell,monocyte,band neutrophil,hairy cell,,band neutrophil,Microorganism Recognition,Hematology,Image level,Histopathology,CLS_2D
20692,Please determine which option best matches the content displayed in the image.,band neutrophil,artefact,plasma cell,promyelocyte,,band neutrophil,Microorganism Recognition,Hematology,Image level,Histopathology,CLS_2D
20705,Please identify which of the following options the content shown in the image belongs to?,proerythroblast,abnormal eosinophil,hairy cell,band neutrophil,,band neutrophil,Microorganism Recognition,Hematology,Image level,Histopathology,CLS_2D
,,,,,,,,,,,,
20706,Determine which part is illustrated in the image.,proerythroblast,segmented neutrophil,band neutrophil,not identifiable,,proerythroblast,Microorganism Recognition,Hematology,Image level,Histopathology,CLS_2D
20719,Please determine which option best matches the content displayed in the image.,blast,other cell,lymphocyte,proerythroblast,,proerythroblast,Microorganism Recognition,Hematology,Image level,Histopathology,CLS_2D
20720,Identify the option that the content of the image corresponds to.,proerythroblast,segmented neutrophil,blast,abnormal eosinophil,,proerythroblast,Microorganism Recognition,Hematology,Image level,Histopathology,CLS_2D
20723,Identify the option that the content of the image corresponds to.,erythroblast,hairy cell,immature lymphocyte,proerythroblast,,proerythroblast,Microorganism Recognition,Hematology,Image level,Histopathology,CLS_2D
20724,Please identify the part shown in the image.,immature lymphocyte,abnormal eosinophil,basophil,proerythroblast,,proerythroblast,Microorganism Recognition,Hematology,Image level,Histopathology,CLS_2D
20725,Please determine which option best matches the content displayed in the image.,abnormal eosinophil,basophil,proerythroblast,metamyelocyte,,proerythroblast,Microorganism Recognition,Hematology,Image level,Histopathology,CLS_2D
20726,Please identify the part shown in the image.,basophil,monocyte,metamyelocyte,proerythroblast,,proerythroblast,Microorganism Recognition,Hematology,Image level,Histopathology,CLS_2D
20728,Identify the option that the content of the image corresponds to.,metamyelocyte,artefact,proerythroblast,band neutrophil,,proerythroblast,Microorganism Recognition,Hematology,Image level,Histopathology,CLS_2D
,,,,,,,,,,,,
20731,Please determine which option best matches the content displayed in the image.,lymphocyte,blast,immature lymphocyte,plasma cell,,plasma cell,Microorganism Recognition,Hematology,Image level,Histopathology,CLS_2D
20732,Determine which part is illustrated in the image.,plasma cell,basophil,proerythroblast,segmented neutrophil,,plasma cell,Microorganism Recognition,Hematology,Image level,Histopathology,CLS_2D
20735,Identify the option that the content of the image corresponds to.,immature lymphocyte,eosinophil,plasma cell,band neutrophil,,plasma cell,Microorganism Recognition,Hematology,Image level,Histopathology,CLS_2D
20738,Please identify the part shown in the image.,myelocyte,plasma cell,blast,promyelocyte,,plasma cell,Microorganism Recognition,Hematology,Image level,Histopathology,CLS_2D
20739,Determine which part is illustrated in the image.,band neutrophil,lymphocyte,blast,plasma cell,,plasma cell,Microorganism Recognition,Hematology,Image level,Histopathology,CLS_2D
20750,Please determine which option best matches the content displayed in the image.,plasma cell,artefact,metamyelocyte,abnormal eosinophil,,plasma cell,Microorganism Recognition,Hematology,Image level,Histopathology,CLS_2D
20751,Please identify which of the following options the content shown in the image belongs to?,basophil,not identifiable,proerythroblast,plasma cell,,plasma cell,Microorganism Recognition,Hematology,Image level,Histopathology,CLS_2D
20752,Identify the option that the content of the image corresponds to.,immature lymphocyte,plasma cell,smudge cell,other cell,,plasma cell,Microorganism Recognition,Hematology,Image level,Histopathology,CLS_2D
,,,,,,,,,,,,
20856,Please identify the part shown in the image.,promyelocyte,monocyte,segmented neutrophil,metamyelocyte,,monocyte,Microorganism Recognition,Hematology,Image level,Histopathology,CLS_2D
20857,Identify the option that the content of the image corresponds to.,metamyelocyte,smudge cell,plasma cell,monocyte,,monocyte,Microorganism Recognition,Hematology,Image level,Histopathology,CLS_2D
20859,Determine which part is illustrated in the image.,not identifiable,monocyte,abnormal eosinophil,segmented neutrophil,,monocyte,Microorganism Recognition,Hematology,Image level,Histopathology,CLS_2D
20863,Please identify which of the following options the content shown in the image belongs to?,hairy cell,monocyte,abnormal eosinophil,blast,,monocyte,Microorganism Recognition,Hematology,Image level,Histopathology,CLS_2D
20864,Please determine which option best matches the content displayed in the image.,monocyte,plasma cell,abnormal eosinophil,myelocyte,,monocyte,Microorganism Recognition,Hematology,Image level,Histopathology,CLS_2D
20867,Determine which part is illustrated in the image.,metamyelocyte,monocyte,abnormal eosinophil,smudge cell,,monocyte,Microorganism Recognition,Hematology,Image level,Histopathology,CLS_2D
20868,Please determine which option best matches the content displayed in the image.,faggott cell,monocyte,not identifiable,basophil,,monocyte,Microorganism Recognition,Hematology,Image level,Histopathology,CLS_2D
20877,Determine which part is illustrated in the image.,monocyte,neutrophil,lymphocyte,eosinophil,,monocyte,Microorganism Recognition,Hematology,Image level,Microscopy,CLS_2D
,,,,,,,,,,,,
20881,Please identify which of the following options the content shown in the image belongs to?,lymphocyte,neutrophil,monocyte,eosinophil,,neutrophil,Microorganism Recognition,Hematology,Image level,Microscopy,CLS_2D
20882,Please identify the part shown in the image.,lymphocyte,eosinophil,monocyte,neutrophil,,neutrophil,Microorganism Recognition,Hematology,Image level,Microscopy,CLS_2D
20883,Identify the option that the content of the image corresponds to.,lymphocyte,neutrophil,eosinophil,monocyte,,neutrophil,Microorganism Recognition,Hematology,Image level,Microscopy,CLS_2D
20884,Please determine which option best matches the content displayed in the image.,monocyte,lymphocyte,neutrophil,eosinophil,,neutrophil,Microorganism Recognition,Hematology,Image level,Microscopy,CLS_2D
20886,Please identify which of the following options the content shown in the image belongs to?,eosinophil,monocyte,neutrophil,lymphocyte,,neutrophil,Microorganism Recognition,Hematology,Image level,Microscopy,CLS_2D
20895,Identify the option that the content of the image corresponds to.,monocyte,neutrophil,eosinophil,lymphocyte,,neutrophil,Microorganism Recognition,Hematology,Image level,Microscopy,CLS_2D
20896,Please determine which option best matches the content displayed in the image.,monocyte,neutrophil,eosinophil,lymphocyte,,neutrophil,Microorganism Recognition,Hematology,Image level,Microscopy,CLS_2D
20897,Determine which part is illustrated in the image.,lymphocyte,neutrophil,monocyte,eosinophil,,neutrophil,Microorganism Recognition,Hematology,Image level,Microscopy,CLS_2D
,,,,,,,,,,,,
20916,Please identify the part shown in the image.,lymphocyte,erythroblast,myelocyte,band neutrophil,,myelocyte,Microorganism Recognition,Hematology,Image level,Histopathology,CLS_2D
20917,Please identify which of the following options the content shown in the image belongs to?,myelocyte,immature lymphocyte,segmented neutrophil,metamyelocyte,,myelocyte,Microorganism Recognition,Hematology,Image level,Histopathology,CLS_2D
20918,Identify the option that the content of the image corresponds to.,proerythroblast,band neutrophil,erythroblast,myelocyte,,myelocyte,Microorganism Recognition,Hematology,Image level,Histopathology,CLS_2D
20920,Determine which part is illustrated in the image.,erythroblast,myelocyte,immature lymphocyte,smudge cell,,myelocyte,Microorganism Recognition,Hematology,Image level,Histopathology,CLS_2D
20922,Please identify which of the following options the content shown in the image belongs to?,other cell,myelocyte,smudge cell,proerythroblast,,myelocyte,Microorganism Recognition,Hematology,Image level,Histopathology,CLS_2D
20923,Identify the option that the content of the image corresponds to.,promyelocyte,lymphocyte,myelocyte,other cell,,myelocyte,Microorganism Recognition,Hematology,Image level,Histopathology,CLS_2D
20924,Please determine which option best matches the content displayed in the image.,proerythroblast,metamyelocyte,myelocyte,promyelocyte,,myelocyte,Microorganism Recognition,Hematology,Image level,Histopathology,CLS_2D
20928,Please identify the part shown in the image.,faggott cell,artefact,hairy cell,myelocyte,,myelocyte,Microorganism Recognition,Hematology,Image level,Histopathology,CLS_2D
,,,,,,,,,,,,
20941,Please identify which of the following options the content shown in the image belongs to?,monocyte,artefact,myelocyte,segmented neutrophil,,segmented neutrophil,Microorganism Recognition,Hematology,Image level,Histopathology,CLS_2D
20942,Determine which part is illustrated in the image.,metamyelocyte,smudge cell,segmented neutrophil,faggott cell,,segmented neutrophil,Microorganism Recognition,Hematology,Image level,Histopathology,CLS_2D
20944,Please identify which of the following options the content shown in the image belongs to?,smudge cell,monocyte,band neutrophil,segmented neutrophil,,segmented neutrophil,Microorganism Recognition,Hematology,Image level,Histopathology,CLS_2D
20946,Please identify the part shown in the image.,immature lymphocyte,basophil,metamyelocyte,segmented neutrophil,,segmented neutrophil,Microorganism Recognition,Hematology,Image level,Histopathology,CLS_2D
20947,Please determine which option best matches the content displayed in the image.,monocyte,segmented neutrophil,abnormal eosinophil,immature lymphocyte,,segmented neutrophil,Microorganism Recognition,Hematology,Image level,Histopathology,CLS_2D
20948,Identify the option that the content of the image corresponds to.,segmented neutrophil,lymphocyte,abnormal eosinophil,other cell,,segmented neutrophil,Microorganism Recognition,Hematology,Image level,Histopathology,CLS_2D
20952,Please identify the part shown in the image.,promyelocyte,hairy cell,smudge cell,segmented neutrophil,,segmented neutrophil,Microorganism Recognition,Hematology,Image level,Histopathology,CLS_2D
20953,Please determine which option best matches the content displayed in the image.,myelocyte,segmented neutrophil,monocyte,band neutrophil,,segmented neutrophil,Microorganism Recognition,Hematology,Image level,Histopathology,CLS_2D
,,,,,,,,,,,,
20960,Determine which part is illustrated in the image.,band neutrophil,metamyelocyte,artefact,hairy cell,,hairy cell,Microorganism Recognition,Hematology,Image level,Histopathology,CLS_2D
20961,Please identify which of the following options the content shown in the image belongs to?,hairy cell,segmented neutrophil,myelocyte,monocyte,,hairy cell,Microorganism Recognition,Hematology,Image level,Histopathology,CLS_2D
20963,Please determine which option best matches the content displayed in the image.,hairy cell,band neutrophil,not identifiable,eosinophil,,hairy cell,Microorganism Recognition,Hematology,Image level,Histopathology,CLS_2D
20964,Identify the option that the content of the image corresponds to.,proerythroblast,hairy cell,immature lymphocyte,faggott cell,,hairy cell,Microorganism Recognition,Hematology,Image level,Histopathology,CLS_2D
20969,Determine which part is illustrated in the image.,monocyte,metamyelocyte,abnormal eosinophil,hairy cell,,hairy cell,Microorganism Recognition,Hematology,Image level,Histopathology,CLS_2D
20970,Please identify the part shown in the image.,artefact,abnormal eosinophil,hairy cell,basophil,,hairy cell,Microorganism Recognition,Hematology,Image level,Histopathology,CLS_2D
20971,Please identify which of the following options the content shown in the image belongs to?,basophil,lymphocyte,hairy cell,artefact,,hairy cell,Microorganism Recognition,Hematology,Image level,Histopathology,CLS_2D
20973,Identify the option that the content of the image corresponds to.,hairy cell,metamyelocyte,promyelocyte,other cell,,hairy cell,Microorganism Recognition,Hematology,Image level,Histopathology,CLS_2D
,,,,,,,,,,,,
21035,Please determine which option best matches the content displayed in the image.,eosinophil,blast,lymphocyte,faggott cell,,faggott cell,Microorganism Recognition,Hematology,Image level,Histopathology,CLS_2D
21036,Please identify the part shown in the image.,faggott cell,basophil,eosinophil,promyelocyte,,faggott cell,Microorganism Recognition,Hematology,Image level,Histopathology,CLS_2D
21037,Identify the option that the content of the image corresponds to.,blast,faggott cell,band neutrophil,segmented neutrophil,,faggott cell,Microorganism Recognition,Hematology,Image level,Histopathology,CLS_2D
21040,Determine which part is illustrated in the image.,faggott cell,smudge cell,basophil,segmented neutrophil,,faggott cell,Microorganism Recognition,Hematology,Image level,Histopathology,CLS_2D
21050,Please determine which option best matches the content displayed in the image.,lymphocyte,erythroblast,faggott cell,eosinophil,,faggott cell,Microorganism Recognition,Hematology,Image level,Histopathology,CLS_2D
21051,Determine which part is illustrated in the image.,band neutrophil,erythroblast,eosinophil,faggott cell,,faggott cell,Microorganism Recognition,Hematology,Image level,Histopathology,CLS_2D
21052,Please identify the part shown in the image.,monocyte,artefact,myelocyte,faggott cell,,faggott cell,Microorganism Recognition,Hematology,Image level,Histopathology,CLS_2D
21053,Please identify the part shown in the image.,blast,lymphocyte,other cell,faggott cell,,faggott cell,Microorganism Recognition,Hematology,Image level,Histopathology,CLS_2D
,,,,,,,,,,,,
21063,Identify the option that the content of the image corresponds to.,other cell,myelocyte,hairy cell,metamyelocyte,,metamyelocyte,Microorganism Recognition,Hematology,Image level,Histopathology,CLS_2D
21064,Please identify which of the following options the content shown in the image belongs to?,promyelocyte,segmented neutrophil,metamyelocyte,other cell,,metamyelocyte,Microorganism Recognition,Hematology,Image level,Histopathology,CLS_2D
21072,Please determine which option best matches the content displayed in the image.,metamyelocyte,promyelocyte,other cell,plasma cell,,metamyelocyte,Microorganism Recognition,Hematology,Image level,Histopathology,CLS_2D
21073,Determine which part is illustrated in the image.,metamyelocyte,hairy cell,immature lymphocyte,smudge cell,,metamyelocyte,Microorganism Recognition,Hematology,Image level,Histopathology,CLS_2D
21074,Identify the option that the content of the image corresponds to.,metamyelocyte,monocyte,smudge cell,faggott cell,,metamyelocyte,Microorganism Recognition,Hematology,Image level,Histopathology,CLS_2D
21075,Please identify the part shown in the image.,proerythroblast,metamyelocyte,immature lymphocyte,not identifiable,,metamyelocyte,Microorganism Recognition,Hematology,Image level,Histopathology,CLS_2D
21076,Please determine which option best matches the content displayed in the image.,metamyelocyte,proerythroblast,abnormal eosinophil,monocyte,,metamyelocyte,Microorganism Recognition,Hematology,Image level,Histopathology,CLS_2D
,,,,,,,,,,,,
21083,Determine which part is illustrated in the image.,smudge cell,blast,proerythroblast,immature lymphocyte,,blast,Microorganism Recognition,Hematology,Image level,Histopathology,CLS_2D
21084,Please determine which option best matches the content displayed in the image.,blast,faggott cell,lymphocyte,metamyelocyte,,blast,Microorganism Recognition,Hematology,Image level,Histopathology,CLS_2D
21085,Please identify which of the following options the content shown in the image belongs to?,blast,lymphocyte,monocyte,promyelocyte,,blast,Microorganism Recognition,Hematology,Image level,Histopathology,CLS_2D
21094,Determine which part is illustrated in the image.,other cell,promyelocyte,band neutrophil,blast,,blast,Microorganism Recognition,Hematology,Image level,Histopathology,CLS_2D
21095,Please identify which of the following options the content shown in the image belongs to?,erythroblast,not identifiable,segmented neutrophil,blast,,blast,Microorganism Recognition,Hematology,Image level,Histopathology,CLS_2D
21096,Identify the option that the content of the image corresponds to.,smudge cell,erythroblast,not identifiable,blast,,blast,Microorganism Recognition,Hematology,Image level,Histopathology,CLS_2D
21098,Please determine which option best matches the content displayed in the image.,faggott cell,not identifiable,myelocyte,blast,,blast,Microorganism Recognition,Hematology,Image level,Histopathology,CLS_2D
21099,Please identify the part shown in the image.,blast,plasma cell,proerythroblast,artefact,,blast,Microorganism Recognition,Hematology,Image level,Histopathology,CLS_2D
,,,,,,,,,,,,
21134,Please determine which option best matches the content displayed in the image.,segmented neutrophil,plasma cell,smudge cell,erythroblast,,smudge cell,Microorganism Recognition,Hematology,Image level,Histopathology,CLS_2D
21135,Please identify which of the following options the content shown in the image belongs to?,smudge cell,proerythroblast,promyelocyte,other cell,,smudge cell,Microorganism Recognition,Hematology,Image level,Histopathology,CLS_2D
21136,Determine which part is illustrated in the image.,smudge cell,faggott cell,proerythroblast,blast,,smudge cell,Microorganism Recognition,Hematology,Image level,Histopathology,CLS_2D
21137,Please identify the part shown in the image.,smudge cell,abnormal eosinophil,segmented neutrophil,band neutrophil,,smudge cell,Microorganism Recognition,Hematology,Image level,Histopathology,CLS_2D
,,,,,,,,,,,,
21177,Please identify which of the following options the content shown in the image belongs to?,monocyte,not identifiable,lymphocyte,abnormal eosinophil,,lymphocyte,Microorganism Recognition,Hematology,Image level,Histopathology,CLS_2D
21178,Please identify the part shown in the image.,faggott cell,erythroblast,lymphocyte,hairy cell,,lymphocyte,Microorganism Recognition,Hematology,Image level,Histopathology,CLS_2D
21179,Please determine which option best matches the content displayed in the image.,proerythroblast,erythroblast,band neutrophil,lymphocyte,,lymphocyte,Microorganism Recognition,Hematology,Image level,Histopathology,CLS_2D
21180,Identify the option that the content of the image corresponds to.,monocyte,neutrophil,eosinophil,lymphocyte,,lymphocyte,Microorganism Recognition,Hematology,Image level,Microscopy,CLS_2D
,,,,,,,,,,,,
21181,Determine which part is illustrated in the image.,monocyte,lymphocyte,abnormal eosinophil,basophil,,basophil,Microorganism Recognition,Hematology,Image level,Histopathology,CLS_2D
21196,Identify the option that the content of the image corresponds to.,artefact,other cell,basophil,blast,,basophil,Microorganism Recognition,Hematology,Image level,Histopathology,CLS_2D
21197,Please identify the part shown in the image.,metamyelocyte,plasma cell,basophil,segmented neutrophil,,basophil,Microorganism Recognition,Hematology,Image level,Histopathology,CLS_2D
21198,Identify the option that the content of the image corresponds to.,lymphocyte,myelocyte,basophil,hairy cell,,basophil,Microorganism Recognition,Hematology,Image level,Histopathology,CLS_2D
21199,Determine which part is illustrated in the image.,basophil,myelocyte,band neutrophil,segmented neutrophil,,basophil,Microorganism Recognition,Hematology,Image level,Histopathology,CLS_2D
21200,Please identify the part shown in the image.,segmented neutrophil,basophil,plasma cell,immature lymphocyte,,basophil,Microorganism Recognition,Hematology,Image level,Histopathology,CLS_2D
21201,Determine which part is illustrated in the image.,basophil,hairy cell,proerythroblast,band neutrophil,,basophil,Microorganism Recognition,Hematology,Image level,Histopathology,CLS_2D
,,,,,,,,,,,,
21213,Determine which part is illustrated in the image.,abnormal eosinophil,not identifiable,eosinophil,faggott cell,,eosinophil,Microorganism Recognition,Hematology,Image level,Histopathology,CLS_2D
21214,Please determine which option best matches the content displayed in the image.,not identifiable,faggott cell,hairy cell,eosinophil,,eosinophil,Microorganism Recognition,Hematology,Image level,Histopathology,CLS_2D
21215,Please identify the part shown in the image.,band neutrophil,myelocyte,eosinophil,metamyelocyte,,eosinophil,Microorganism Recognition,Hematology,Image level,Histopathology,CLS_2D
21217,Please identify which of the following options the content shown in the image belongs to?,basophil,abnormal eosinophil,lymphocyte,eosinophil,,eosinophil,Microorganism Recognition,Hematology,Image level,Histopathology,CLS_2D
,,,,,,,,,,,,
21254,Please identify the part shown in the image.,plasma cell,erythroblast,not identifiable,hairy cell,,erythroblast,Microorganism Recognition,Hematology,Image level,Histopathology,CLS_2D
21255,Please identify the part shown in the image.,band neutrophil,erythroblast,hairy cell,other cell,,erythroblast,Microorganism Recognition,Hematology,Image level,Histopathology,CLS_2D
,,,,,,,,,,,,
21256,Please determine which option best matches the content displayed in the image.,hairy cell,segmented neutrophil,immature lymphocyte,blast,,immature lymphocyte,Microorganism Recognition,Hematology,Image level,Histopathology,CLS_2D
21257,Please identify the part shown in the image.,immature lymphocyte,erythroblast,monocyte,promyelocyte,,immature lymphocyte,Microorganism Recognition,Hematology,Image level,Histopathology,CLS_2D
21258,Determine which part is illustrated in the image.,artefact,metamyelocyte,band neutrophil,immature lymphocyte,,immature lymphocyte,Microorganism Recognition,Hematology,Image level,Histopathology,CLS_2D
21259,Please identify which of the following options the content shown in the image belongs to?,other cell,immature lymphocyte,hairy cell,band neutrophil,,immature lymphocyte,Microorganism Recognition,Hematology,Image level,Histopathology,CLS_2D
21260,Identify the option that the content of the image corresponds to.,immature lymphocyte,basophil,eosinophil,abnormal eosinophil,,immature lymphocyte,Microorganism Recognition,Hematology,Image level,Histopathology,CLS_2D
21266,Please determine which option best matches the content displayed in the image.,immature lymphocyte,erythroblast,smudge cell,proerythroblast,,immature lymphocyte,Microorganism Recognition,Hematology,Image level,Histopathology,CLS_2D
21268,Please identify the part shown in the image.,erythroblast,immature lymphocyte,hairy cell,basophil,,immature lymphocyte,Microorganism Recognition,Hematology,Image level,Histopathology,CLS_2D
21269,Identify the option that the content of the image corresponds to.,not identifiable,smudge cell,abnormal eosinophil,immature lymphocyte,,immature lymphocyte,Microorganism Recognition,Hematology,Image level,Histopathology,CLS_2D
,,,,,,,,,,,,
12035,Review the image and pick the option that best aligns with the severity illustrated.,normal,acute lymphoblastic leukemia,,,,acute lymphoblastic leukemia,Disease Diagnosis,Hematology,Image level,Histopathology,CLS_2D
12037,Examine the image and choose the option that most accurately reflects the depicted severity.,normal,acute lymphoblastic leukemia,,,,acute lymphoblastic leukemia,Disease Diagnosis,Hematology,Image level,Histopathology,CLS_2D
12040,"Observe the image, please select the option that best describes the severity depicted in the picture.",normal,acute lymphoblastic leukemia,,,,acute lymphoblastic leukemia,Disease Diagnosis,Hematology,Image level,Histopathology,CLS_2D
12041,Look at the picture and select the description that best matches the level of severity shown.,acute lymphoblastic leukemia,normal,,,,acute lymphoblastic leukemia,Disease Diagnosis,Hematology,Image level,Histopathology,CLS_2D
12042,Review the image and pick the option that best aligns with the severity illustrated.,normal,acute lymphoblastic leukemia,,,,acute lymphoblastic leukemia,Disease Diagnosis,Hematology,Image level,Histopathology,CLS_2D
12047,Examine the image and choose the option that most accurately reflects the depicted severity.,acute lymphoblastic leukemia,normal,,,,acute lymphoblastic leukemia,Disease Diagnosis,Hematology,Image level,Histopathology,CLS_2D
12057,Observe the image. What is the most likely abnormality shown in the picture?,hematologic malignancies,acute lymphoblastic leukemia,,,,acute lymphoblastic leukemia,Disease Diagnosis,Hematology,Image level,Microscopy,CLS_2D
12058,Which of the following options best matches the symptoms shown in the image?,acute lymphoblastic leukemia,hematologic malignancies,,,,acute lymphoblastic leukemia,Disease Diagnosis,Hematology,Image level,Microscopy,CLS_2D
,,,,,,,,,,,,
13088,"Considering the abnormality visible in the picture, which option corresponds most accurately?",spine scoliosis,knee quadriceps pathology,uterine pathology,arterial pathology,,arterial pathology,Disease Diagnosis,Hematology,Image level,MRI,CLS_2D
13089,Which of the following options best matches the abnormality shown in the image?,pancreatic lesion,intraperitoneal mass,arterial pathology,hip soft tissue mass,,arterial pathology,Disease Diagnosis,Hematology,Image level,MRI,CLS_2D
13090,View the image provided. What is the likely abnormal condition demonstrated?,knee normal,dilated urinary tract,brain acute infarct,arterial pathology,,arterial pathology,Disease Diagnosis,Hematology,Image level,MRI,CLS_2D
13094,Observe the image. What is the most likely abnormality shown in the picture?,hip soft tissue mass,arterial pathology,knee medial collateral ligament pathology,gallbladder pathology,,arterial pathology,Disease Diagnosis,Hematology,Image level,MRI,CLS_2D
13095,"Considering the abnormality visible in the picture, which option corresponds most accurately?",shoulder calcific tendinosis,hip hamstring pathology,ankle or foot normal,arterial pathology,,arterial pathology,Disease Diagnosis,Hematology,Image level,MRI,CLS_2D
13096,Observe the image. What is the most likely abnormality shown in the picture?,shoulder soft tissue fluid,arterial pathology,spine cystic lesions,knee bone inflammation,,arterial pathology,Disease Diagnosis,Hematology,Image level,MRI,CLS_2D
13097,View the image provided. What is the likely abnormal condition demonstrated?,hip normal,knee soft tissue mass,arterial pathology,gallbladder pathology,,arterial pathology,Disease Diagnosis,Hematology,Image level,MRI,CLS_2D
13098,Which of the following options best matches the abnormality shown in the image?,ankle or foot peroneal pathology,arterial pathology,splenic lesion,renal lesion,,arterial pathology,Disease Diagnosis,Hematology,Image level,MRI,CLS_2D
,,,,,,,,,,,,
16404,"Considering the symptoms visible in the picture, which option corresponds most accurately?",follicular lymphoma,mantle cell lymphoma,chronic lymphocytic leukemia,,,follicular lymphoma,Disease Diagnosis,Hematology,Image level,Histopathology,CLS_2D
16405,Observe the image. What is the most likely abnormality shown in the picture?,chronic lymphocytic leukemia,mantle cell lymphoma,follicular lymphoma,,,follicular lymphoma,Disease Diagnosis,Hematology,Image level,Histopathology,CLS_2D
16406,Which of the following options best matches the symptoms shown in the image?,follicular lymphoma,chronic lymphocytic leukemia,mantle cell lymphoma,,,follicular lymphoma,Disease Diagnosis,Hematology,Image level,Histopathology,CLS_2D
16407,View the image provided. What is the likely abnormal condition demonstrated?,chronic lymphocytic leukemia,follicular lymphoma,mantle cell lymphoma,,,follicular lymphoma,Disease Diagnosis,Hematology,Image level,Histopathology,CLS_2D
16404,"Considering the symptoms visible in the picture, which option corresponds most accurately?",follicular lymphoma,mantle cell lymphoma,chronic lymphocytic leukemia,,,follicular lymphoma,Disease Diagnosis,Hematology,Image level,Histopathology,CLS_2D
16405,Observe the image. What is the most likely abnormality shown in the picture?,chronic lymphocytic leukemia,mantle cell lymphoma,follicular lymphoma,,,follicular lymphoma,Disease Diagnosis,Hematology,Image level,Histopathology,CLS_2D
16406,Which of the following options best matches the symptoms shown in the image?,follicular lymphoma,chronic lymphocytic leukemia,mantle cell lymphoma,,,follicular lymphoma,Disease Diagnosis,Hematology,Image level,Histopathology,CLS_2D
16407,View the image provided. What is the likely abnormal condition demonstrated?,chronic lymphocytic leukemia,follicular lymphoma,mantle cell lymphoma,,,follicular lymphoma,Disease Diagnosis,Hematology,Image level,Histopathology,CLS_2D
,,,,,,,,,,,,
16793,"Considering the symptoms visible in the picture, which option corresponds most accurately?",chronic lymphocytic leukemia,follicular lymphoma,mantle cell lymphoma,,,chronic lymphocytic leukemia,Disease Diagnosis,Hematology,Image level,Histopathology,CLS_2D
16794,Which of the following options best matches the symptoms shown in the image?,chronic lymphocytic leukemia,mantle cell lymphoma,follicular lymphoma,,,chronic lymphocytic leukemia,Disease Diagnosis,Hematology,Image level,Histopathology,CLS_2D
16796,Observe the image. What is the most likely abnormality shown in the picture?,mantle cell lymphoma,follicular lymphoma,chronic lymphocytic leukemia,,,chronic lymphocytic leukemia,Disease Diagnosis,Hematology,Image level,Histopathology,CLS_2D
16799,View the image provided. What is the likely abnormal condition demonstrated?,chronic lymphocytic leukemia,follicular lymphoma,mantle cell lymphoma,,,chronic lymphocytic leukemia,Disease Diagnosis,Hematology,Image level,Histopathology,CLS_2D
16800,"Considering the symptoms visible in the picture, which option corresponds most accurately?",mantle cell lymphoma,follicular lymphoma,chronic lymphocytic leukemia,,,chronic lymphocytic leukemia,Disease Diagnosis,Hematology,Image level,Histopathology,CLS_2D
16802,Which of the following options best matches the symptoms shown in the image?,mantle cell lymphoma,chronic lymphocytic leukemia,follicular lymphoma,,,chronic lymphocytic leukemia,Disease Diagnosis,Hematology,Image level,Histopathology,CLS_2D
16804,View the image provided. What is the likely abnormal condition demonstrated?,mantle cell lymphoma,follicular lymphoma,chronic lymphocytic leukemia,,,chronic lymphocytic leukemia,Disease Diagnosis,Hematology,Image level,Histopathology,CLS_2D
16813,Which of the following options best matches the symptoms shown in the image?,follicular lymphoma,chronic lymphocytic leukemia,mantle cell lymphoma,,,chronic lymphocytic leukemia,Disease Diagnosis,Hematology,Image level,Histopathology,CLS_2D
,,,,,,,,,,,,
2780,This is a CT image. Which of the following options is the most appropriate to describe the marked area?,iliac artery,aorta,renal artery,iliac vein,,aorta,Blood Vessels Recognition,Hematology,Mask level,CT,SEG_3D
2781,"Considering the organ visible marked in the CT picture, which option corresponds most accurately?",aorta,portal and splenic veins,vena cava,iliac vein,lung vessel,aorta,Blood Vessels Recognition,Hematology,Mask level,CT,SEG_3D
2784,This is a CT image. Which of the following options is the most appropriate to describe the marked area?,iliac artery,aorta,renal artery,iliac vein,,aorta,Blood Vessels Recognition,Hematology,Contour level,CT,SEG_3D
2785,"Considering the organ visible marked in the CT picture, which option corresponds most accurately?",aorta,portal and splenic veins,vena cava,iliac vein,lung vessel,aorta,Blood Vessels Recognition,Hematology,Contour level,CT,SEG_3D
2788,View the CT image provided. What organ is displayed in the marked area?,liver vessel,iliac artery,left anterior descending artery,aorta,,aorta,Blood Vessels Recognition,Hematology,Contour level,CT,SEG_3D
2789,This is a CT image. Which of the following options is the most appropriate to describe the marked area?,left circumflex artery,aorta,renal artery,left anterior descending artery,portal and splenic veins,aorta,Blood Vessels Recognition,Hematology,Contour level,CT,SEG_3D
2790,This is a CT image. Which of the following options is the most appropriate to describe the marked area?,left circumflex artery,aorta,renal artery,left anterior descending artery,portal and splenic veins,aorta,Blood Vessels Recognition,Hematology,Mask level,CT,SEG_3D
2791,View the CT image provided. What organ is displayed in the marked area?,liver vessel,iliac artery,left anterior descending artery,aorta,,aorta,Blood Vessels Recognition,Hematology,Mask level,CT,SEG_3D
,,,,,,,,,,,,
2800,Which of the following options best matches the marked organ in the CT image?,iliac artery,iliac vein,renal artery,lung vessel,,renal artery,Blood Vessels Recognition,Hematology,Contour level,CT,SEG_3D
2801,View the CT image provided. What organ is displayed in the marked area?,iliac artery,aorta,ascending aorta,renal artery,,renal artery,Blood Vessels Recognition,Hematology,Contour level,CT,SEG_3D
2802,Observe the CT image. Can you identify the organ in the highlight area?,renal artery,liver vessel,ascending aorta,renal vein,aorta,renal artery,Blood Vessels Recognition,Hematology,Contour level,CT,SEG_3D
2803,"Considering the organ visible marked in the CT picture, which option corresponds most accurately?",iliac artery,left anterior descending artery,renal vein,ascending aorta,renal artery,renal artery,Blood Vessels Recognition,Hematology,Contour level,CT,SEG_3D
2805,This is a CT image. Which of the following options is the most appropriate to describe the marked area?,renal vein,inferior vena cava,lung vessel,renal artery,,renal artery,Blood Vessels Recognition,Hematology,Contour level,CT,SEG_3D
2829,Which of the following options best matches the marked organ in the CT image?,left circumflex artery,iliac vein,vena cava,renal artery,inferior vena cava,renal artery,Blood Vessels Recognition,Hematology,Mask level,CT,SEG_3D
2830,"Considering the organ visible marked in the CT picture, which option corresponds most accurately?",iliac artery,left anterior descending artery,renal vein,ascending aorta,renal artery,renal artery,Blood Vessels Recognition,Hematology,Mask level,CT,SEG_3D
2831,Observe the CT image. Can you identify the organ in the highlight area?,renal artery,liver vessel,ascending aorta,renal vein,aorta,renal artery,Blood Vessels Recognition,Hematology,Mask level,CT,SEG_3D
,,,,,,,,,,,,
2882,This is a CT image. Which of the following options is the most appropriate to describe the marked area?,renal artery,coronary artery,inferior vena cava,aorta,left circumflex artery,inferior vena cava,Blood Vessels Recognition,Hematology,Mask level,CT,SEG_3D
2890,Which of the following options best matches the marked organ in the CT image?,vena cava,aorta,liver vessel,inferior vena cava,left anterior descending artery,inferior vena cava,Blood Vessels Recognition,Hematology,Mask level,CT,SEG_3D
2891,"Considering the organ visible marked in the CT picture, which option corresponds most accurately?",left circumflex artery,inferior vena cava,left anterior descending artery,lung vessel,aorta,inferior vena cava,Blood Vessels Recognition,Hematology,Mask level,CT,SEG_3D
2892,Which of the following options best matches the marked organ in the CT image?,vena cava,aorta,liver vessel,inferior vena cava,left anterior descending artery,inferior vena cava,Blood Vessels Recognition,Hematology,Contour level,CT,SEG_3D
2893,"Considering the organ visible marked in the CT picture, which option corresponds most accurately?",left circumflex artery,inferior vena cava,left anterior descending artery,lung vessel,aorta,inferior vena cava,Blood Vessels Recognition,Hematology,Contour level,CT,SEG_3D
2894,View the CT image provided. What organ is displayed in the marked area?,iliac artery,iliac vein,aorta,portal and splenic veins,inferior vena cava,inferior vena cava,Blood Vessels Recognition,Hematology,Mask level,CT,SEG_3D
2896,Observe the CT image. Can you identify the organ in the highlight area?,renal artery,left circumflex artery,vena cava,aorta,inferior vena cava,inferior vena cava,Blood Vessels Recognition,Hematology,Mask level,CT,SEG_3D
2897,View the CT image provided. What organ is displayed in the marked area?,iliac artery,iliac vein,aorta,portal and splenic veins,inferior vena cava,inferior vena cava,Blood Vessels Recognition,Hematology,Contour level,CT,SEG_3D
,,,,,,,,,,,,
2901,Observe the CT image. Can you identify the organ in the highlight area?,ascending aorta,iliac artery,inferior vena cava,iliac vein,liver vessel,iliac artery,Blood Vessels Recognition,Hematology,Contour level,CT,SEG_3D
2902,View the CT image provided. What organ is displayed in the marked area?,iliac artery,liver vessel,lung vessel,coronary artery,vena cava,iliac artery,Blood Vessels Recognition,Hematology,Contour level,CT,SEG_3D
2903,"Considering the organ visible marked in the CT picture, which option corresponds most accurately?",lung vessel,iliac artery,inferior vena cava,left circumflex artery,liver vessel,iliac artery,Blood Vessels Recognition,Hematology,Contour level,CT,SEG_3D
2905,This is a CT image. Which of the following options is the most appropriate to describe the marked area?,portal and splenic veins,iliac vein,iliac artery,liver vessel,left circumflex artery,iliac artery,Blood Vessels Recognition,Hematology,Contour level,CT,SEG_3D
2912,"Looking at the marked ares in the provided CT image, which option would be the most organ like?",inferior vena cava,aorta,iliac artery,portal and splenic veins,,iliac artery,Blood Vessels Recognition,Hematology,Contour level,CT,SEG_3D
2920,Observe the CT image. Can you identify the organ in the highlight area?,iliac vein,iliac artery,left circumflex artery,liver vessel,,iliac artery,Blood Vessels Recognition,Hematology,Contour level,CT,SEG_3D
2924,Which of the following options best matches the marked organ in the CT image?,liver vessel,renal vein,iliac artery,ascending aorta,aorta,iliac artery,Blood Vessels Recognition,Hematology,Contour level,CT,SEG_3D
2949,"Considering the organ visible marked in the CT picture, which option corresponds most accurately?",lung vessel,iliac artery,inferior vena cava,left circumflex artery,liver vessel,iliac artery,Blood Vessels Recognition,Hematology,Mask level,CT,SEG_3D
,,,,,,,,,,,,
2950,Observe the CT image. Can you identify the organ in the highlight area?,aorta,renal artery,inferior vena cava,renal vein,,renal vein,Blood Vessels Recognition,Hematology,Contour level,CT,SEG_3D
2951,"Considering the organ visible marked in the CT picture, which option corresponds most accurately?",aorta,renal vein,lung vessel,inferior vena cava,renal artery,renal vein,Blood Vessels Recognition,Hematology,Contour level,CT,SEG_3D
2953,View the CT image provided. What organ is displayed in the marked area?,renal artery,inferior vena cava,renal vein,aorta,,renal vein,Blood Vessels Recognition,Hematology,Contour level,CT,SEG_3D
2954,Which of the following options best matches the marked organ in the CT image?,renal artery,lung vessel,renal vein,aorta,inferior vena cava,renal vein,Blood Vessels Recognition,Hematology,Contour level,CT,SEG_3D
2955,This is a CT image. Which of the following options is the most appropriate to describe the marked area?,renal vein,aorta,lung vessel,inferior vena cava,,renal vein,Blood Vessels Recognition,Hematology,Contour level,CT,SEG_3D
2960,"Looking at the marked ares in the provided CT image, which option would be the most organ like?",renal artery,renal vein,inferior vena cava,lung vessel,aorta,renal vein,Blood Vessels Recognition,Hematology,Contour level,CT,SEG_3D
2962,Observe the CT image. Can you identify the organ in the highlight area?,aorta,lung vessel,renal vein,renal artery,,renal vein,Blood Vessels Recognition,Hematology,Contour level,CT,SEG_3D
2999,"Looking at the marked ares in the provided CT image, which option would be the most organ like?",inferior vena cava,renal vein,lung vessel,aorta,renal artery,renal vein,Blood Vessels Recognition,Hematology,Mask level,CT,SEG_3D
,,,,,,,,,,,,
3000,"Looking at the marked ares in the provided CT image, which option would be the most organ like?",iliac vein,inferior vena cava,aorta,iliac artery,portal and splenic veins,iliac vein,Blood Vessels Recognition,Hematology,Contour level,CT,SEG_3D
3004,This is a CT image. Which of the following options is the most appropriate to describe the marked area?,iliac vein,inferior vena cava,aorta,iliac artery,,iliac vein,Blood Vessels Recognition,Hematology,Contour level,CT,SEG_3D
3010,Observe the CT image. Can you identify the organ in the highlight area?,left circumflex artery,iliac vein,inferior vena cava,renal artery,lung vessel,iliac vein,Blood Vessels Recognition,Hematology,Contour level,CT,SEG_3D
3043,Which of the following options best matches the marked organ in the CT image?,portal and splenic veins,iliac vein,aorta,iliac artery,,iliac vein,Blood Vessels Recognition,Hematology,Mask level,CT,SEG_3D
3045,View the CT image provided. What organ is displayed in the marked area?,iliac vein,inferior vena cava,vena cava,lung vessel,,iliac vein,Blood Vessels Recognition,Hematology,Mask level,CT,SEG_3D
3046,Observe the CT image. Can you identify the organ in the highlight area?,aorta,portal and splenic veins,inferior vena cava,iliac vein,iliac artery,iliac vein,Blood Vessels Recognition,Hematology,Mask level,CT,SEG_3D
3047,This is a CT image. Which of the following options is the most appropriate to describe the marked area?,portal and splenic veins,liver vessel,ascending aorta,iliac vein,inferior vena cava,iliac vein,Blood Vessels Recognition,Hematology,Mask level,CT,SEG_3D
3049,"Looking at the marked ares in the provided CT image, which option would be the most organ like?",portal and splenic veins,vena cava,liver vessel,left anterior descending artery,iliac vein,iliac vein,Blood Vessels Recognition,Hematology,Mask level,CT,SEG_3D
,,,,,,,,,,,,
3064,View the CT image provided. What organ is displayed in the marked area?,portal and splenic veins,aorta,inferior vena cava,vena cava,,portal and splenic veins,Blood Vessels Recognition,Hematology,Mask level,CT,SEG_3D
3065,This is a CT image. Which of the following options is the most appropriate to describe the marked area?,inferior vena cava,aorta,vena cava,portal and splenic veins,,portal and splenic veins,Blood Vessels Recognition,Hematology,Mask level,CT,SEG_3D
3070,Observe the CT image. Can you identify the organ in the highlight area?,inferior vena cava,iliac artery,portal and splenic veins,iliac vein,,portal and splenic veins,Blood Vessels Recognition,Hematology,Contour level,CT,SEG_3D
3076,Which of the following options best matches the marked organ in the CT image?,aorta,iliac vein,iliac artery,inferior vena cava,portal and splenic veins,portal and splenic veins,Blood Vessels Recognition,Hematology,Contour level,CT,SEG_3D
3084,"Looking at the marked ares in the provided CT image, which option would be the most organ like?",aorta,iliac artery,portal and splenic veins,inferior vena cava,iliac vein,portal and splenic veins,Blood Vessels Recognition,Hematology,Contour level,CT,SEG_3D
3090,"Considering the organ visible marked in the CT picture, which option corresponds most accurately?",aorta,lung vessel,inferior vena cava,left anterior descending artery,portal and splenic veins,portal and splenic veins,Blood Vessels Recognition,Hematology,Mask level,CT,SEG_3D
3098,Observe the CT image. Can you identify the organ in the highlight area?,inferior vena cava,iliac artery,portal and splenic veins,iliac vein,,portal and splenic veins,Blood Vessels Recognition,Hematology,Mask level,CT,SEG_3D
3099,Which of the following options best matches the marked organ in the CT image?,aorta,iliac vein,iliac artery,inferior vena cava,portal and splenic veins,portal and splenic veins,Blood Vessels Recognition,Hematology,Mask level,CT,SEG_3D
,,,,,,,,,,,,
3104,View the MRI image provided. What organ is displayed in the marked area?,iliac artery,ascending aorta,iliac vein,left circumflex artery,inferior vena cava,ascending aorta,Blood Vessels Recognition,Hematology,Mask level,MRI,SEG_3D
,,,,,,,,,,,,
3357,This is a CT image. Which of the following options is the most appropriate to describe the marked area?,ventricle,atrium,myocardium,trachea,pulmonary artery,pulmonary artery,Organ Recognition - Thorax,Hematology,Mask level,CT,SEG_3D
3358,"Considering the organ visible marked in the CT picture, which option corresponds most accurately?",breast,lung,upper lobe,pulmonary artery,,pulmonary artery,Organ Recognition - Thorax,Hematology,Mask level,CT,SEG_3D
3359,Observe the CT image. Can you identify the organ in the highlight area?,esophagus,lower lobe,upper lobe,pulmonary artery,,pulmonary artery,Organ Recognition - Thorax,Hematology,Mask level,CT,SEG_3D
3380,Which of the following options best matches the marked organ in the MRI image?,breast,esophagus,trachea,pulmonary artery,,pulmonary artery,Organ Recognition - Thorax,Hematology,Contour level,MRI,SEG_3D
3389,Which of the following options best matches the marked organ in the MRI image?,myocardium,bronchus,thoracic cavity,pulmonary artery,,pulmonary artery,Organ Recognition - Thorax,Hematology,Mask level,MRI,SEG_3D
3398,"Looking at the marked ares in the provided MRI image, which option would be the most organ like?",thoracic cavity,ventricle,bronchus,upper lobe,pulmonary artery,pulmonary artery,Organ Recognition - Thorax,Hematology,Mask level,MRI,SEG_3D
,,,,,,,,,,,,
15369,"Considering the abnormality visible in the picture, which option corresponds most accurately?",abdomen post operation,abdomen osseous neoplasm,abdomen arterial pathology,abdomen liver lesion,,abdomen arterial pathology,Disease Diagnosis,Hematology,Image level,CT,CLS_2D
15370,Observe the image. What is the most likely abnormality shown in the picture?,abdomen arterial pathology,lung interstitial lung disease,lung nodule,abdomen splenic lesion,,abdomen arterial pathology,Disease Diagnosis,Hematology,Image level,CT,CLS_2D
15372,View the image provided. What is the likely abnormal condition demonstrated?,abdomen soft tissue mass,abdomen arterial pathology,lung parenchymal destruction,abdomen osseous neoplasm,,abdomen arterial pathology,Disease Diagnosis,Hematology,Image level,CT,CLS_2D
15384,"Considering the abnormality visible in the picture, which option corresponds most accurately?",abdomen osseous neoplasm,abdomen prostate lesion,lung bronchiectasis,abdomen arterial pathology,,abdomen arterial pathology,Disease Diagnosis,Hematology,Image level,CT,CLS_2D
15386,View the image provided. What is the likely abnormal condition demonstrated?,abdomen pancreatic lesion,abdomen abnormal entire organ,abdomen arterial pathology,lung bronchiectasis,,abdomen arterial pathology,Disease Diagnosis,Hematology,Image level,CT,CLS_2D
15387,Observe the image. What is the most likely abnormality shown in the picture?,abdomen gallstone,abdomen bowel inflammation,abdomen urolithiasis,abdomen arterial pathology,,abdomen arterial pathology,Disease Diagnosis,Hematology,Image level,CT,CLS_2D
15390,Which of the following options best matches the abnormality shown in the image?,abdomen ovarian pathology,abdomen gallbladder pathology,abdomen post operation,abdomen arterial pathology,,abdomen arterial pathology,Disease Diagnosis,Hematology,Image level,CT,CLS_2D
15391,View the image provided. What is the likely abnormal condition demonstrated?,abdomen splenic lesion,abdomen renal lesion,abdomen arterial pathology,abdomen soft tissue mass,,abdomen arterial pathology,Disease Diagnosis,Hematology,Image level,CT,CLS_2D
,,,,,,,,,,,,
10000,Observe the microscopy image. Can you identify the target within the outlined box?,red blood cell,platelet,mycobacterium tuberculosis,white blood cell,,white blood cell,Cell Recognition,Hematology,Box level,Microscopy,DET_2D
10001,"Considering the target encased within the outlined box in the microscopy picture, which option corresponds most accurately?",platelet,white blood cell,red blood cell,mycobacterium tuberculosis,,white blood cell,Cell Recognition,Hematology,Box level,Microscopy,DET_2D
10002,"Looking at the region delineated by a rectangle in the provided microscopy image, which option would be the most target-like?",platelet,white blood cell,red blood cell,mycobacterium tuberculosis,,white blood cell,Cell Recognition,Hematology,Box level,Microscopy,DET_2D
10003,"Looking at the region delineated by a rectangle in the provided microscopy image, which option would be the most target-like?",white blood cell,mycobacterium tuberculosis,red blood cell,platelet,,white blood cell,Cell Recognition,Hematology,Box level,Microscopy,DET_2D
10004,"Looking at the region delineated by a rectangle in the provided microscopy image, which option would be the most target-like?",mycobacterium tuberculosis,white blood cell,red blood cell,platelet,,white blood cell,Cell Recognition,Hematology,Box level,Microscopy,DET_2D
,,,,,,,,,,,,
11014,View the image provided. What is the likely abnormal condition demonstrated?,acute lymphoblastic leukemia,hematologic malignancies,,,,hematologic malignancies,Disease Diagnosis,Hematology,Image level,Microscopy,CLS_2D
11015,Observe the image. What is the most likely abnormality shown in the picture?,hematologic malignancies,acute lymphoblastic leukemia,,,,hematologic malignancies,Disease Diagnosis,Hematology,Image level,Microscopy,CLS_2D
11016,"Considering the symptoms visible in the picture, which option corresponds most accurately?",hematologic malignancies,acute lymphoblastic leukemia,,,,hematologic malignancies,Disease Diagnosis,Hematology,Image level,Microscopy,CLS_2D
11028,Which of the following options best matches the symptoms shown in the image?,acute lymphoblastic leukemia,hematologic malignancies,,,,hematologic malignancies,Disease Diagnosis,Hematology,Image level,Microscopy,CLS_2D
11030,View the image provided. What is the likely abnormal condition demonstrated?,hematologic malignancies,acute lymphoblastic leukemia,,,,hematologic malignancies,Disease Diagnosis,Hematology,Image level,Microscopy,CLS_2D
11033,Observe the image. What is the most likely abnormality shown in the picture?,hematologic malignancies,acute lymphoblastic leukemia,,,,hematologic malignancies,Disease Diagnosis,Hematology,Image level,Microscopy,CLS_2D
11036,"Considering the symptoms visible in the picture, which option corresponds most accurately?",hematologic malignancies,acute lymphoblastic leukemia,,,,hematologic malignancies,Disease Diagnosis,Hematology,Image level,Microscopy,CLS_2D
11038,View the image provided. What is the likely abnormal condition demonstrated?,acute lymphoblastic leukemia,hematologic malignancies,,,,hematologic malignancies,Disease Diagnosis,Hematology,Image level,Microscopy,CLS_2D
,,,,,,,,,,,,
11439,Observe the image. What is the most likely abnormality shown in the picture?,mantle cell lymphoma,chronic lymphocytic leukemia,follicular lymphoma,,,mantle cell lymphoma,Disease Diagnosis,Hematology,Image level,Histopathology,CLS_2D
11440,Which of the following options best matches the symptoms shown in the image?,chronic lymphocytic leukemia,mantle cell lymphoma,follicular lymphoma,,,mantle cell lymphoma,Disease Diagnosis,Hematology,Image level,Histopathology,CLS_2D
11446,"Considering the symptoms visible in the picture, which option corresponds most accurately?",mantle cell lymphoma,follicular lymphoma,chronic lymphocytic leukemia,,,mantle cell lymphoma,Disease Diagnosis,Hematology,Image level,Histopathology,CLS_2D
11449,View the image provided. What is the likely abnormal condition demonstrated?,follicular lymphoma,chronic lymphocytic leukemia,mantle cell lymphoma,,,mantle cell lymphoma,Disease Diagnosis,Hematology,Image level,Histopathology,CLS_2D
11455,Which of the following options best matches the symptoms shown in the image?,chronic lymphocytic leukemia,follicular lymphoma,mantle cell lymphoma,,,mantle cell lymphoma,Disease Diagnosis,Hematology,Image level,Histopathology,CLS_2D
11456,"Considering the symptoms visible in the picture, which option corresponds most accurately?",follicular lymphoma,mantle cell lymphoma,chronic lymphocytic leukemia,,,mantle cell lymphoma,Disease Diagnosis,Hematology,Image level,Histopathology,CLS_2D
11457,Observe the image. What is the most likely abnormality shown in the picture?,chronic lymphocytic leukemia,follicular lymphoma,mantle cell lymphoma,,,mantle cell lymphoma,Disease Diagnosis,Hematology,Image level,Histopathology,CLS_2D
11459,"Considering the symptoms visible in the picture, which option corresponds most accurately?",chronic lymphocytic leukemia,mantle cell lymphoma,follicular lymphoma,,,mantle cell lymphoma,Disease Diagnosis,Hematology,Image level,Histopathology,CLS_2D
,,,,,,,,,,,,
8340,What is visible in the highlighted area of the Histopathology image?,soft tissue cell,epithelial cell,dead cell,neoplastic cell,,soft tissue cell,Cell Recognition,Hematology,Mask level,Histopathology,SEG_2D
8341,Which cell type is present in the marked section of the Histopathology image?,soft tissue cell,neoplastic cell,epithelial cell,dead cell,inflammatory cell,soft tissue cell,Cell Recognition,Hematology,Mask level,Histopathology,SEG_2D
8342,What is present in the marked area of the Histopathology image?,inflammatory cell,neoplastic cell,soft tissue cell,dead cell,,soft tissue cell,Cell Recognition,Hematology,Mask level,Histopathology,SEG_2D
8346,Which cell type is indicated in the highlighted area of the Histopathology image?,dead cell,soft tissue cell,neoplastic cell,inflammatory cell,,soft tissue cell,Cell Recognition,Hematology,Mask level,Histopathology,SEG_2D
8358,What is visible in the highlighted area of the Histopathology image?,inflammatory cell,soft tissue cell,epithelial cell,dead cell,,soft tissue cell,Cell Recognition,Hematology,Mask level,Histopathology,SEG_2D
8365,"Looking at the marked ares in the provided Histopathology image, which option would be the most organ like?",dead cell,soft tissue cell,neoplastic cell,inflammatory cell,,soft tissue cell,Cell Recognition,Hematology,Contour level,Histopathology,SEG_2D
8366,View the Histopathology image provided. What organ is displayed in the marked area?,neoplastic cell,epithelial cell,dead cell,inflammatory cell,soft tissue cell,soft tissue cell,Cell Recognition,Hematology,Contour level,Histopathology,SEG_2D
8367,Observe the Histopathology image. Can you identify the organ in the highlight area?,inflammatory cell,epithelial cell,dead cell,neoplastic cell,soft tissue cell,soft tissue cell,Cell Recognition,Hematology,Contour level,Histopathology,SEG_2D
8368,"Considering the organ visible marked in the Histopathology picture, which option corresponds most accurately?",epithelial cell,soft tissue cell,dead cell,inflammatory cell,neoplastic cell,soft tissue cell,Cell Recognition,Hematology,Contour level,Histopathology,SEG_2D
8370,This is a Histopathology image. Which of the following options is the most appropriate to describe the marked area?,soft tissue cell,epithelial cell,dead cell,inflammatory cell,neoplastic cell,soft tissue cell,Cell Recognition,Hematology,Contour level,Histopathology,SEG_2D
8388,Which of the following options best matches the marked organ in the Histopathology image?,soft tissue cell,epithelial cell,neoplastic cell,dead cell,inflammatory cell,soft tissue cell,Cell Recognition,Hematology,Contour level,Histopathology,SEG_2D
,,,,,,,,,,,,
8541,Observe the Microscopy image. Can you identify the organ in the highlight area?,cell nucleus,dead cell,retinal pigmented epithelium cell,erythrocytes,inflammatory cell,erythrocytes,Cell Recognition,Hematology,Contour level,Microscopy,SEG_2D
8542,This is a Microscopy image. Which of the following options is the most appropriate to describe the marked area?,cell nucleus,erythrocytes,dead cell,inflammatory cell,,erythrocytes,Cell Recognition,Hematology,Contour level,Microscopy,SEG_2D
8544,View the Microscopy image provided. What organ is displayed in the marked area?,cytoplasm,spirochaete,photoreceptor cell,erythrocytes,,erythrocytes,Cell Recognition,Hematology,Contour level,Microscopy,SEG_2D
8547,"Considering the organ visible marked in the Microscopy picture, which option corresponds most accurately?",erythrocytes,dead cell,cytoplasm,photoreceptor cell,,erythrocytes,Cell Recognition,Hematology,Contour level,Microscopy,SEG_2D
8548,Which of the following options best matches the marked organ in the Microscopy image?,erythrocytes,inflammatory cell,epithelial cell,cell nucleus,dead cell,erythrocytes,Cell Recognition,Hematology,Contour level,Microscopy,SEG_2D
8558,"Looking at the marked ares in the provided Microscopy image, which option would be the most organ like?",photoreceptor cell,inflammatory cell,erythrocytes,dead cell,soft tissue cell,erythrocytes,Cell Recognition,Hematology,Contour level,Microscopy,SEG_2D
8565,Which cell type is indicated in the highlighted area of the Microscopy image?,inflammatory cell,photoreceptor cell,erythrocytes,dead cell,cytoplasm,erythrocytes,Cell Recognition,Hematology,Mask level,Microscopy,SEG_2D
8566,What is present in the marked area of the Microscopy image?,retinal pigmented epithelium cell,soft tissue cell,inflammatory cell,spirochaete,erythrocytes,erythrocytes,Cell Recognition,Hematology,Mask level,Microscopy,SEG_2D
8568,What is visible in the highlighted area of the Microscopy image?,photoreceptor cell,inflammatory cell,erythrocytes,dead cell,soft tissue cell,erythrocytes,Cell Recognition,Hematology,Mask level,Microscopy,SEG_2D
8579,Which cell type is present in the marked section of the Microscopy image?,soft tissue cell,erythrocytes,cell nucleus,neoplastic cell,,erythrocytes,Cell Recognition,Hematology,Mask level,Microscopy,SEG_2D
,,,,,,,,,,,,
9930,Observe the microscopy image. Can you identify the target within the outlined box?,red blood cell,mycobacterium tuberculosis,white blood cell,platelet,,platelet,Cell Recognition,Hematology,Box level,Microscopy,DET_2D
9931,"Considering the target encased within the outlined box in the microscopy picture, which option corresponds most accurately?",white blood cell,red blood cell,platelet,mycobacterium tuberculosis,,platelet,Cell Recognition,Hematology,Box level,Microscopy,DET_2D
9935,This is a microscopy image. Which of the following options is the most appropriate to describe the highlighted square?,platelet,mycobacterium tuberculosis,red blood cell,white blood cell,,platelet,Cell Recognition,Hematology,Box level,Microscopy,DET_2D
9939,"Looking at the region delineated by a rectangle in the provided microscopy image, which option would be the most target-like?",platelet,mycobacterium tuberculosis,red blood cell,white blood cell,,platelet,Cell Recognition,Hematology,Box level,Microscopy,DET_2D
9940,Which of the following options best matches the marked target in the microscopy image?,red blood cell,mycobacterium tuberculosis,white blood cell,platelet,,platelet,Cell Recognition,Hematology,Box level,Microscopy,DET_2D
9945,This is a microscopy image. Which of the following options is the most appropriate to describe the highlighted square?,platelet,mycobacterium tuberculosis,white blood cell,red blood cell,,platelet,Cell Recognition,Hematology,Box level,Microscopy,DET_2D
9946,Observe the microscopy image. Can you identify the target within the outlined box?,mycobacterium tuberculosis,platelet,white blood cell,red blood cell,,platelet,Cell Recognition,Hematology,Box level,Microscopy,DET_2D
9949,"Considering the target encased within the outlined box in the microscopy picture, which option corresponds most accurately?",white blood cell,platelet,mycobacterium tuberculosis,red blood cell,,platelet,Cell Recognition,Hematology,Box level,Microscopy,DET_2D
,,,,,,,,,,,,
9956,This is a microscopy image. Which of the following options is the most appropriate to describe the highlighted square?,red blood cell,platelet,white blood cell,mycobacterium tuberculosis,,red blood cell,Cell Recognition,Hematology,Box level,Microscopy,DET_2D
9957,View the microscopy image provided. What target is displayed in the boxed region?,mycobacterium tuberculosis,red blood cell,white blood cell,platelet,,red blood cell,Cell Recognition,Hematology,Box level,Microscopy,DET_2D
9958,"Looking at the region delineated by a rectangle in the provided microscopy image, which option would be the most target-like?",mycobacterium tuberculosis,red blood cell,white blood cell,platelet,,red blood cell,Cell Recognition,Hematology,Box level,Microscopy,DET_2D
9959,Which of the following options best matches the marked target in the microscopy image?,platelet,mycobacterium tuberculosis,red blood cell,white blood cell,,red blood cell,Cell Recognition,Hematology,Box level,Microscopy,DET_2D
9960,"Considering the target encased within the outlined box in the microscopy picture, which option corresponds most accurately?",white blood cell,mycobacterium tuberculosis,red blood cell,platelet,,red blood cell,Cell Recognition,Hematology,Box level,Microscopy,DET_2D
9965,This is a microscopy image. Which of the following options is the most appropriate to describe the highlighted square?,mycobacterium tuberculosis,red blood cell,white blood cell,platelet,,red blood cell,Cell Recognition,Hematology,Box level,Microscopy,DET_2D
9971,"Considering the target encased within the outlined box in the microscopy picture, which option corresponds most accurately?",platelet,white blood cell,red blood cell,mycobacterium tuberculosis,,red blood cell,Cell Recognition,Hematology,Box level,Microscopy,DET_2D
9979,Observe the microscopy image. Can you identify the target within the outlined box?,white blood cell,mycobacterium tuberculosis,platelet,red blood cell,,red blood cell,Cell Recognition,Hematology,Box level,Microscopy,DET_2D
,,,,,,,,,,,,
9980,Which of the following options best matches the marked target in the microscopy image?,platelet,red blood cell,white blood cell,mycobacterium tuberculosis,,white blood cell,Cell Recognition,Hematology,Box level,Microscopy,DET_2D
9981,Observe the microscopy image. Can you identify the target within the outlined box?,platelet,white blood cell,mycobacterium tuberculosis,red blood cell,,white blood cell,Cell Recognition,Hematology,Box level,Microscopy,DET_2D
9982,This is a microscopy image. Which of the following options is the most appropriate to describe the highlighted square?,mycobacterium tuberculosis,red blood cell,platelet,white blood cell,,white blood cell,Cell Recognition,Hematology,Box level,Microscopy,DET_2D
9983,"Looking at the region delineated by a rectangle in the provided microscopy image, which option would be the most target-like?",mycobacterium tuberculosis,white blood cell,red blood cell,platelet,,white blood cell,Cell Recognition,Hematology,Box level,Microscopy,DET_2D
9993,View the microscopy image provided. What target is displayed in the boxed region?,platelet,mycobacterium tuberculosis,white blood cell,red blood cell,,white blood cell,Cell Recognition,Hematology,Box level,Microscopy,DET_2D
9995,"Considering the target encased within the outlined box in the microscopy picture, which option corresponds most accurately?",red blood cell,white blood cell,mycobacterium tuberculosis,platelet,,white blood cell,Cell Recognition,Hematology,Box level,Microscopy,DET_2D
9997,This is a microscopy image. Which of the following options is the most appropriate to describe the highlighted square?,white blood cell,mycobacterium tuberculosis,platelet,red blood cell,,white blood cell,Cell Recognition,Hematology,Box level,Microscopy,DET_2D
9999,View the microscopy image provided. What target is displayed in the boxed region?,mycobacterium tuberculosis,platelet,red blood cell,white blood cell,,white blood cell,Cell Recognition,Hematology,Box level,Microscopy,DET_2D
